"lambda","mu","rho","turnover","net_div","class","relative_mode","relative_median","cv","endpoint_ratio","trend","turnover_bin"
0.05,0,0,0,0.05,"Rising",1,0.561166132264529,0.144079344234139,1.64650206682671,0.646502066826709,"Low (0-0.25)"
0.1,0,0,0,0.1,"Rising",1,0.619276553106213,0.286136259586175,2.70869396087426,1.70869396087426,"Low (0-0.25)"
0.15,0,0,0,0.15,"Rising",1,0.671375551102204,0.424392804652986,4.44997739316141,3.44997739316141,"Low (0-0.25)"
0.2,0,0,0,0.2,"Rising",1,0.715459318637275,0.557251858794971,7.29407908529315,6.29407908529315,"Low (0-0.25)"
0.25,0,0,0,0.25,"Rising",1,0.753531663326653,0.683294212837956,11.9115633193985,10.9115633193985,"Low (0-0.25)"
0.3,0,0,0,0.3,"Rising",1,0.78358877755511,0.801168903367652,19.3344642257936,18.3344642257936,"Low (0-0.25)"
0.35,0,0,0,0.35,"Rising",1,0.807634468937876,0.90937041571906,31.0758078677517,30.0758078677517,"Low (0-0.25)"
0.4,0,0,0,0.4,"Rising",1,0.82566873747495,1.00591155527334,49.1648318925275,48.1648318925275,"Low (0-0.25)"
0.45,0,0,0,0.45,"Rising",1,0.839695390781563,1.08793792613029,75.8683612829491,74.8683612829491,"Low (0-0.25)"
0.5,0,0,0,0.5,"Rising",1,0.849714428857716,1.15142960012298,112.672010566773,111.672010566773,"Low (0-0.25)"
0.05,0.05,0,1,0,"Uniform",1e-04,0.499048096192385,0.000289441438244409,0.99900084940039,-0.000999150599610329,"High (0.75-1)"
0.1,0.05,0,0.5,0.05,"Rising",1,0.561166132264529,0.143703299727653,1.64436944861959,0.644369448619586,"Med-Low (0.25-0.5)"
0.15,0.05,0,0.333333333333333,0.1,"Rising",1,0.619276553106213,0.285635793042832,2.70405388602243,1.70405388602243,"Med-Low (0.25-0.5)"
0.2,0.05,0,0.25,0.15,"Rising",1,0.671375551102204,0.423711491486083,4.4397025452329,3.4397025452329,"Low (0-0.25)"
0.25,0.05,0,0.2,0.2,"Rising",1,0.715459318637275,0.556305235679525,7.27098160351805,6.27098160351805,"Low (0-0.25)"
0.3,0.05,0,0.166666666666667,0.25,"Rising",1,0.753531663326653,0.681955989818157,11.8590476269515,10.8590476269515,"Low (0-0.25)"
0.35,0.05,0,0.142857142857143,0.3,"Rising",1,0.78358877755511,0.799251731941526,19.214329655121,18.214329655121,"Low (0-0.25)"
0.4,0.05,0,0.125,0.35,"Rising",1,0.805630661322645,0.906601443258646,30.8013681357046,29.8013681357046,"Low (0-0.25)"
0.45,0.05,0,0.111111111111111,0.4,"Rising",1,0.82566873747495,1.00190734390192,48.5454781302018,47.5454781302018,"Low (0-0.25)"
0.5,0.05,0,0.1,0.45,"Rising",1,0.839695390781563,1.08219382180146,74.5087985866659,73.5087985866659,"Low (0-0.25)"
0.1,0.1,0,1,0,"Uniform",1e-04,0.499048096192385,0.000578738268034973,0.998003195605604,-0.00199680439439634,"High (0.75-1)"
0.15,0.1,0,0.666666666666667,0.05,"Rising",1,0.561166132264529,0.143327515068145,1.64224097132754,0.642240971327545,"Med-High (0.5-0.75)"
0.2,0.1,0,0.5,0.1,"Rising",1,0.619276553106213,0.285135811715232,2.699425724312,1.699425724312,"Med-Low (0.25-0.5)"
0.25,0.1,0,0.4,0.15,"Rising",1,0.671375551102204,0.423031116949782,4.42946324370287,3.42946324370287,"Med-Low (0.25-0.5)"
0.3,0.1,0,0.333333333333333,0.2,"Rising",1,0.715459318637275,0.555360485859632,7.24799366155321,6.24799366155321,"Med-Low (0.25-0.5)"
0.35,0.1,0,0.285714285714286,0.25,"Rising",1,0.751527855711423,0.680621604014396,11.8068784723932,10.8068784723932,"Med-Low (0.25-0.5)"
0.4,0.1,0,0.25,0.3,"Rising",1,0.78158496993988,0.797342575467597,19.095311310694,18.095311310694,"Low (0-0.25)"
0.45,0.1,0,0.222222222222222,0.35,"Rising",1,0.805630661322645,0.903849400255921,30.5305479310126,29.5305479310126,"Low (0-0.25)"
0.5,0.1,0,0.2,0.4,"Rising",1,0.82366492985972,0.997938897508769,47.9377545940086,46.9377545940086,"Low (0-0.25)"
0.15,0.15,0,1,0,"Uniform",1e-04,0.499048096192385,0.000867890652043131,0.99700703562731,-0.00299296437268993,"High (0.75-1)"
0.2,0.15,0,0.75,0.05,"Rising",1,0.561166132264529,0.142951989876886,1.6401166242368,0.640116624236804,"High (0.75-1)"
0.25,0.15,0,0.6,0.1,"Rising",1,0.619276553106213,0.284636314649737,2.69480943499566,1.69480943499566,"Med-High (0.5-0.75)"
0.3,0.15,0,0.5,0.15,"Rising",1,0.671375551102204,0.422351678516684,4.41925932479274,3.41925932479274,"Med-High (0.5-0.75)"
0.35,0.15,0,0.428571428571429,0.2,"Rising",1,0.715459318637275,0.554417602323323,7.22511456783164,6.22511456783164,"Med-Low (0.25-0.5)"
0.4,0.15,0,0.375,0.25,"Rising",1,0.751527855711423,0.67929103520701,11.7550528134497,10.7550528134497,"Med-Low (0.25-0.5)"
0.45,0.15,0,0.333333333333333,0.3,"Rising",1,0.78158496993988,0.795441373899432,18.9773954066799,17.9773954066799,"Med-Low (0.25-0.5)"
0.5,0.15,0,0.3,0.35,"Rising",1,0.805630661322645,0.901114105238965,30.2632838826843,29.2632838826843,"Med-Low (0.25-0.5)"
0.2,0.2,0,1,0,"Uniform",1e-04,0.499048096192385,0.00115689875266942,0.996012366484635,-0.00398763351536468,"High (0.75-1)"
0.25,0.2,0,0.8,0.05,"Rising",1,0.561166132264529,0.142576723776045,1.63799639666821,0.637996396668208,"High (0.75-1)"
0.3,0.2,0,0.666666666666667,0.1,"Rising",1,0.619276553106213,0.284137300895564,2.69020497750017,1.69020497750017,"Med-High (0.5-0.75)"
0.35,0.2,0,0.571428571428571,0.15,"Rising",1,0.671375551102204,0.421673173669497,4.40909062566613,3.40909062566613,"Med-High (0.5-0.75)"
0.4,0.2,0,0.5,0.2,"Rising",1,0.715459318637275,0.553476578096984,7.20234363623544,6.20234363623544,"Med-Low (0.25-0.5)"
0.45,0.2,0,0.444444444444444,0.25,"Rising",1,0.751527855711423,0.677964263330255,11.7035676411591,10.7035676411591,"Med-Low (0.25-0.5)"
0.5,0.2,0,0.4,0.3,"Rising",1,0.78158496993988,0.793548067834683,18.8605683694166,17.8605683694166,"Med-Low (0.25-0.5)"
0.25,0.25,0,1,0,"Uniform",1e-04,0.499048096192385,0.00144576273204403,0.995019185204134,-0.00498081479586553,"High (0.75-1)"
0.3,0.25,0,0.833333333333333,0.05,"Rising",1,0.561166132264529,0.142201716388684,1.63588027797709,0.635880277977093,"High (0.75-1)"
0.35,0.25,0,0.714285714285714,0.1,"Rising",1,0.619276553106213,0.28363876950478,2.68561231142544,1.68561231142544,"Med-High (0.5-0.75)"
0.4,0.25,0,0.625,0.15,"Rising",1,0.671375551102204,0.420995599900981,4.39895698442229,3.39895698442229,"Med-High (0.5-0.75)"
0.45,0.25,0,0.555555555555556,0.2,"Rising",1,0.715459318637275,0.552537406245089,7.17968018604432,6.17968018604432,"Med-High (0.5-0.75)"
0.5,0.25,0,0.5,0.25,"Rising",1,0.751527855711423,0.676641268470806,11.6524199794353,10.6524199794353,"Med-Low (0.25-0.5)"
0.3,0.3,0,1,-5.55111512312578e-17,"Uniform",1e-04,0.499048096192385,0.00105372486071374,0.994463678455363,-0.00553632154463677,"High (0.75-1)"
0.35,0.3,0,0.857142857142857,0.05,"Rising",1,0.561166132264529,0.141826967338757,1.63376825755316,0.63376825755316,"High (0.75-1)"
0.4,0.3,0,0.75,0.1,"Rising",1,0.619276553106213,0.283140719532288,2.68103139654369,1.68103139654369,"High (0.75-1)"
0.45,0.3,0,0.666666666666667,0.15,"Rising",1,0.671375551102204,0.420318954713903,4.38885824008972,3.38885824008972,"Med-High (0.5-0.75)"
0.5,0.3,0,0.6,0.2,"Rising",1,0.715459318637275,0.55160007986993,7.15712354188475,6.15712354188475,"Med-High (0.5-0.75)"
0.35,0.35,0,1,0,"Uniform",1e-04,0.499048096192385,0.00202305897421116,0.993037274372901,-0.00696272562709862,"High (0.75-1)"
0.4,0.35,0,0.875,0.05,"Rising",1,0.561166132264529,0.141452476251111,1.63166032482033,0.631660324820331,"High (0.75-1)"
0.45,0.35,0,0.777777777777778,0.1,"Rising",1,0.619276553106213,0.282643150035815,2.67646219279853,1.67646219279853,"High (0.75-1)"
0.5,0.35,0,0.7,0.15,"Rising",1,0.671375551102204,0.419643235620983,4.37879423261978,3.37879423261978,"Med-High (0.5-0.75)"
0.4,0.4,0,1,0,"Uniform",1e-04,0.499048096192385,0.00231149155991791,0.99204853891224,-0.00795146108776025,"High (0.75-1)"
0.45,0.4,0,0.888888888888889,0.05,"Rising",1,0.561166132264529,0.141078242751482,1.62955646923663,0.629556469236626,"High (0.75-1)"
0.5,0.4,0,0.8,0.1,"Rising",1,0.619276553106213,0.28214606007591,2.67190466030411,1.67190466030411,"High (0.75-1)"
0.45,0.45,0,1,0,"Uniform",1e-04,0.499048096192385,0.0025997806702026,0.991061279493848,-0.0089387205061518,"High (0.75-1)"
0.5,0.45,0,0.9,0.05,"Rising",1,0.561166132264529,0.140704266466493,1.62745668029402,0.627456680294025,"High (0.75-1)"
0.05,0,0.2,0,0.05,"Rising",1,0.531109018036072,0.0739302597483471,1.29173649551711,0.291736495517113,"Low (0-0.25)"
0.1,0,0.2,0,0.1,"Rising",1,0.551147094188377,0.11768541379776,1.5055389544428,0.505538954442796,"Low (0-0.25)"
0.15,0,0.2,0,0.15,"Rising",0.923855310621242,0.553150901803607,0.129294926421994,1.55732032346492,0.557320323464921,"Low (0-0.25)"
0.2,0,0.2,0,0.2,"Unimodal",0.69341743486974,0.541128056112224,0.118015192449931,1.42397182258699,0.423971822586991,"Low (0-0.25)"
0.25,0,0.2,0,0.25,"Unimodal",0.555154709418838,0.517082364729459,0.113960660612736,1.16284054601922,0.162840546019224,"Low (0-0.25)"
0.3,0,0.2,0,0.3,"Unimodal",0.462979559118237,0.485021442885772,0.153176182424156,0.865431349770829,-0.134568650229171,"Low (0-0.25)"
0.35,0,0.2,0,0.35,"Decaying",0.396853907815631,0.448952905811623,0.22749955744923,0.600855436876214,-0.399144563123786,"Low (0-0.25)"
0.4,0,0.2,0,0.4,"Decaying",0.34675871743487,0.412884368737475,0.315564885678379,0.397416510709831,-0.602583489290169,"Low (0-0.25)"
0.45,0,0.2,0,0.45,"Decaying",0.308686372745491,0.378819639278557,0.40648480201505,0.254527047960793,-0.745472952039207,"Low (0-0.25)"
0.5,0,0.2,0,0.5,"Decaying",0.276625450901804,0.34675871743487,0.495423516193093,0.159675107576581,-0.840324892423419,"Low (0-0.25)"
0.05,0.05,0.2,1,0,"Decaying",1e-04,0.47700621242485,0.0552080889522429,0.82646281,-0.17353719,"High (0.75-1)"
0.1,0.05,0.2,0.5,0.05,"Uniform",0.811642084168337,0.505059519038076,0.0120508913665142,1.0393324323994,0.0393324323994012,"Med-Low (0.25-0.5)"
0.15,0.05,0.2,0.333333333333333,0.1,"Unimodal",0.847710621242485,0.52108997995992,0.0512311164685133,1.18351586899616,0.183515868996158,"Med-Low (0.25-0.5)"
0.2,0.05,0.2,0.25,0.15,"Unimodal",0.675383166332665,0.52309378757515,0.0657394344165455,1.20502031680403,0.205020316804026,"Low (0-0.25)"
0.25,0.05,0.2,0.2,0.2,"Unimodal",0.549143286573146,0.511070941883768,0.0747850377213237,1.09525019079465,0.0952501907946463,"Low (0-0.25)"
0.3,0.05,0.2,0.166666666666667,0.25,"Unimodal",0.460975751503006,0.489029058116233,0.110734629493574,0.897610669233549,-0.102389330766451,"Low (0-0.25)"
0.35,0.05,0.2,0.142857142857143,0.3,"Decaying",0.396853907815631,0.458971943887776,0.177036898022444,0.675299561912189,-0.324700438087811,"Low (0-0.25)"
0.4,0.05,0.2,0.125,0.35,"Decaying",0.34675871743487,0.424907214428858,0.259443617995449,0.475932990381846,-0.524067009618154,"Low (0-0.25)"
0.45,0.05,0.2,0.111111111111111,0.4,"Decaying",0.308686372745491,0.39284629258517,0.347965307611334,0.320054343021765,-0.679945656978235,"Low (0-0.25)"
0.5,0.05,0.2,0.1,0.45,"Decaying",0.278629258517034,0.360785370741483,0.436964972148074,0.208381560271868,-0.791618439728132,"Low (0-0.25)"
0.1,0.1,0.2,1,0,"Decaying",1e-04,0.454964328657315,0.105716190496639,0.6944722225,-0.3055277775,"High (0.75-1)"
0.15,0.1,0.2,0.666666666666667,0.05,"Uniform",1e-04,0.481013827655311,0.045613679573704,0.854282580048701,-0.145717419951299,"Med-High (0.5-0.75)"
0.2,0.1,0.2,0.5,0.1,"Uniform",0.404869138276553,0.495040480961924,0.0226432295206498,0.954760910996287,-0.0452390890037125,"Med-Low (0.25-0.5)"
0.25,0.1,0.2,0.4,0.15,"Uniform",0.462979559118237,0.495040480961924,0.0422997064311185,0.960032934376691,-0.0399670656233092,"Med-Low (0.25-0.5)"
0.3,0.1,0.2,0.333333333333333,0.2,"Unimodal",0.422903406813627,0.483017635270541,0.0801247766533911,0.868491732874578,-0.131508267125422,"Med-Low (0.25-0.5)"
0.35,0.1,0.2,0.285714285714286,0.25,"Unimodal",0.376815831663327,0.462979559118237,0.137632371462659,0.713768499648621,-0.286231500351379,"Med-Low (0.25-0.5)"
0.4,0.1,0.2,0.25,0.3,"Decaying",0.336739679358717,0.43492625250501,0.211104366590072,0.541580143083552,-0.458419856916448,"Low (0-0.25)"
0.45,0.1,0.2,0.222222222222222,0.35,"Decaying",0.3026749498998,0.404869138276553,0.293957909253978,0.386276428864903,-0.613723571135097,"Low (0-0.25)"
0.5,0.1,0.2,0.2,0.4,"Decaying",0.274621643286573,0.374812024048096,0.380524740694531,0.263265527152962,-0.736734472847038,"Low (0-0.25)"
0.15,0.15,0.2,1,0,"Decaying",1e-04,0.43492625250501,0.152355209377356,0.591751479822485,-0.408248520177515,"High (0.75-1)"
0.2,0.15,0.2,0.75,0.05,"Decaying",1e-04,0.458971943887776,0.0970182436281309,0.714591530662092,-0.285408469337908,"High (0.75-1)"
0.25,0.15,0.2,0.6,0.1,"Decaying",1e-04,0.470994789579158,0.0706172332854979,0.786447734932047,-0.213552265067953,"Med-High (0.5-0.75)"
0.3,0.15,0.2,0.5,0.15,"Unimodal",0.270614028056112,0.470994789579158,0.0790502838561019,0.782818435141987,-0.217181564858013,"Med-High (0.5-0.75)"
0.35,0.15,0.2,0.428571428571429,0.2,"Unimodal",0.308686372745491,0.458971943887776,0.117028819994029,0.705505417539871,-0.294494582460129,"Med-Low (0.25-0.5)"
0.4,0.15,0.2,0.375,0.25,"Decaying",0.300671142284569,0.438933867735471,0.175666073585801,0.581125623292084,-0.418874376707916,"Med-Low (0.25-0.5)"
0.45,0.15,0.2,0.333333333333333,0.3,"Decaying",0.282636873747495,0.414888176352706,0.248226650092478,0.443977929896893,-0.556022070103107,"Med-Low (0.25-0.5)"
0.5,0.15,0.2,0.3,0.35,"Decaying",0.26259879759519,0.386834869739479,0.328784194581774,0.319760432196737,-0.680239567803263,"Med-Low (0.25-0.5)"
0.2,0.2,0.2,1,0,"Decaying",1e-04,0.416891983967936,0.19575428703121,0.51024489877551,-0.48975510122449,"High (0.75-1)"
0.25,0.2,0.2,0.8,0.05,"Decaying",1e-04,0.438933867735471,0.144455648967231,0.606560987003795,-0.393439012996205,"High (0.75-1)"
0.3,0.2,0.2,0.666666666666667,0.1,"Decaying",1e-04,0.448952905811623,0.119897810461575,0.659016879285299,-0.340983120714701,"Med-High (0.5-0.75)"
0.35,0.2,0.2,0.571428571428571,0.15,"Decaying",0.0882675350701403,0.448952905811623,0.125880904501099,0.650502307633601,-0.349497692366399,"Med-High (0.5-0.75)"
0.4,0.2,0.2,0.5,0.2,"Decaying",0.202484569138277,0.438933867735471,0.160257545521421,0.584440521289051,-0.415559478710949,"Med-Low (0.25-0.5)"
0.45,0.2,0.2,0.444444444444444,0.25,"Decaying",0.230537875751503,0.418895791583166,0.215900020892976,0.482295339107854,-0.517704660892146,"Med-Low (0.25-0.5)"
0.5,0.2,0.2,0.4,0.3,"Decaying",0.230537875751503,0.396853907815631,0.285490681903616,0.370566888230633,-0.629433111769367,"Med-Low (0.25-0.5)"
0.25,0.25,0.2,1,0,"Decaying",1e-04,0.398857715430862,0.236400747874274,0.44448889,-0.55551111,"High (0.75-1)"
0.3,0.25,0.2,0.833333333333333,0.05,"Decaying",1e-04,0.418895791583166,0.18853015471191,0.521298817159185,-0.478701182840815,"High (0.75-1)"
0.35,0.25,0.2,0.714285714285714,0.1,"Decaying",1e-04,0.428914829659319,0.165919519781015,0.560225395058278,-0.439774604941722,"Med-High (0.5-0.75)"
0.4,0.25,0.2,0.625,0.15,"Decaying",1e-04,0.428914829659319,0.171256747958549,0.549105426351646,-0.450894573648354,"Med-High (0.5-0.75)"
0.45,0.25,0.2,0.555555555555556,0.2,"Decaying",0.100290380761523,0.418895791583166,0.203016982440913,0.492062198278823,-0.507937801721177,"Med-High (0.5-0.75)"
0.5,0.25,0.2,0.5,0.25,"Decaying",0.162408416833667,0.400861523046092,0.255470777821957,0.406690458735765,-0.593309541264235,"Med-Low (0.25-0.5)"
0.3,0.3,0.2,1,-5.55111512312578e-17,"Decaying",1e-04,0.382827254509018,0.321076669502357,0.326530612244898,-0.673469387755102,"High (0.75-1)"
0.35,0.3,0.2,0.857142857142857,0.05,"Decaying",1e-04,0.402865330661323,0.229749454533442,0.452828854521344,-0.547171145478656,"High (0.75-1)"
0.4,0.3,0.2,0.75,0.1,"Decaying",1e-04,0.410880561122245,0.208881858405723,0.482092416069416,-0.517907583930584,"High (0.75-1)"
0.45,0.3,0.2,0.666666666666667,0.15,"Decaying",1e-04,0.410880561122245,0.214061709108745,0.469694157073403,-0.530305842926597,"Med-High (0.5-0.75)"
0.5,0.3,0.2,0.6,0.2,"Decaying",1e-04,0.400861523046092,0.243898702273864,0.41997434581377,-0.58002565418623,"Med-High (0.5-0.75)"
0.35,0.35,0.2,1,0,"Decaying",1e-04,0.370804408817635,0.310899489296056,0.346069205847751,-0.653930794152249,"High (0.75-1)"
0.4,0.35,0.2,0.875,0.05,"Decaying",1e-04,0.386834869739479,0.268518081988036,0.397014386189428,-0.602985613810572,"High (0.75-1)"
0.45,0.35,0.2,0.777777777777778,0.1,"Decaying",1e-04,0.394850100200401,0.249171594388852,0.419235138344148,-0.580764861655852,"High (0.75-1)"
0.5,0.35,0.2,0.7,0.15,"Decaying",1e-04,0.39284629258517,0.2543546282666,0.406342943564179,-0.593657056435821,"Med-High (0.5-0.75)"
0.4,0.4,0.2,1,0,"Decaying",1e-04,0.356777755511022,0.345312702264411,0.30869136,-0.69130864,"High (0.75-1)"
0.45,0.4,0.2,0.888888888888889,0.05,"Decaying",1e-04,0.372808216432866,0.305160886811454,0.350918309665299,-0.649081690334701,"High (0.75-1)"
0.5,0.4,0.2,0.8,0.1,"Decaying",1e-04,0.378819639278557,0.287138652148994,0.367916230955018,-0.632083769044982,"High (0.75-1)"
0.45,0.45,0.2,1,0,"Decaying",1e-04,0.344754909819639,0.378126975520811,0.27705817398892,-0.72294182601108,"High (0.75-1)"
0.5,0.45,0.2,0.9,0.05,"Decaying",1e-04,0.358781563126253,0.33994203753066,0.312408661258389,-0.687591338741611,"High (0.75-1)"
0.05,0,0.4,0,0.05,"Uniform",0.811642084168337,0.505059519038076,0.0120508913665142,1.0393324323994,0.0393324323994011,"Low (0-0.25)"
0.1,0,0.4,0,0.1,"Uniform",0.404869138276553,0.495040480961924,0.0226432295206498,0.954760910996287,-0.0452390890037126,"Low (0-0.25)"
0.15,0,0.4,0,0.15,"Unimodal",0.270614028056112,0.470994789579158,0.0790502838561019,0.782818435141987,-0.217181564858013,"Low (0-0.25)"
0.2,0,0.4,0,0.2,"Decaying",0.202484569138277,0.438933867735471,0.160257545521421,0.58444052128905,-0.41555947871095,"Low (0-0.25)"
0.25,0,0.4,0,0.25,"Decaying",0.162408416833667,0.400861523046092,0.255470777821957,0.406690458735765,-0.593309541264235,"Low (0-0.25)"
0.3,0,0.4,0,0.3,"Decaying",0.134355110220441,0.362789178356713,0.356775726781177,0.269408753837277,-0.730591246162723,"Low (0-0.25)"
0.35,0,0.4,0,0.35,"Decaying",0.116320841683367,0.328724448897796,0.458757301416558,0.172719074979107,-0.827280925020893,"Low (0-0.25)"
0.4,0,0.4,0,0.4,"Decaying",0.102294188376753,0.296663527054108,0.558144877504584,0.108424178132157,-0.891575821867843,"Low (0-0.25)"
0.45,0,0.4,0,0.45,"Decaying",0.0902713426853708,0.268610220440882,0.653219007389717,0.0671678309735671,-0.932832169026433,"Low (0-0.25)"
0.5,0,0.4,0,0.5,"Decaying",0.0802523046092184,0.244564529058116,0.743262026630149,0.0412695288935842,-0.958730471106416,"Low (0-0.25)"
0.05,0.05,0.4,1,0,"Decaying",1e-04,0.454964328657315,0.105716190496639,0.6944722225,-0.3055277775,"High (0.75-1)"
0.1,0.05,0.4,0.5,0.05,"Decaying",1e-04,0.458971943887776,0.097018243628131,0.714591530662091,-0.285408469337909,"Med-Low (0.25-0.5)"
0.15,0.05,0.4,0.333333333333333,0.1,"Decaying",1e-04,0.448952905811623,0.119897810461575,0.659016879285299,-0.340983120714701,"Med-Low (0.25-0.5)"
0.2,0.05,0.4,0.25,0.15,"Decaying",1e-04,0.428914829659319,0.171256747958549,0.549105426351646,-0.450894573648354,"Low (0-0.25)"
0.25,0.05,0.4,0.2,0.2,"Decaying",1e-04,0.400861523046092,0.243898702273864,0.41997434581377,-0.580025654186231,"Low (0-0.25)"
0.3,0.05,0.4,0.166666666666667,0.25,"Decaying",0.0321609218436874,0.368800601202405,0.32988785796251,0.30045588566544,-0.69954411433456,"Low (0-0.25)"
0.35,0.05,0.4,0.142857142857143,0.3,"Decaying",0.0441837675350701,0.336739679358717,0.422513289474533,0.204657151812541,-0.795342848187459,"Low (0-0.25)"
0.4,0.05,0.4,0.125,0.35,"Decaying",0.0481913827655311,0.306682565130261,0.516895297762844,0.134663781030625,-0.865336218969375,"Low (0-0.25)"
0.45,0.05,0.4,0.111111111111111,0.4,"Decaying",0.0501951903807615,0.278629258517034,0.609883994489079,0.0865266896437493,-0.913473310356251,"Low (0-0.25)"
0.5,0.05,0.4,0.1,0.45,"Decaying",0.0501951903807615,0.254583567134269,0.699671634345783,0.0547065984074052,-0.945293401592595,"Low (0-0.25)"
0.1,0.1,0.4,1,0,"Decaying",1e-04,0.416891983967936,0.19575428703121,0.51024489877551,-0.48975510122449,"High (0.75-1)"
0.15,0.1,0.4,0.666666666666667,0.05,"Decaying",1e-04,0.418895791583166,0.18853015471191,0.521298817159185,-0.478701182840815,"Med-High (0.5-0.75)"
0.2,0.1,0.4,0.5,0.1,"Decaying",1e-04,0.410880561122245,0.208881858405723,0.482092416069416,-0.517907583930584,"Med-Low (0.25-0.5)"
0.25,0.1,0.4,0.4,0.15,"Decaying",1e-04,0.39284629258517,0.2543546282666,0.406342943564179,-0.593657056435821,"Med-Low (0.25-0.5)"
0.3,0.1,0.4,0.333333333333333,0.2,"Decaying",1e-04,0.368800601202405,0.319487915008206,0.316296812650571,-0.683703187349429,"Med-Low (0.25-0.5)"
0.35,0.1,0.4,0.285714285714286,0.25,"Decaying",1e-04,0.342751102204409,0.397700050191617,0.231000667311366,-0.768999332688634,"Med-Low (0.25-0.5)"
0.4,0.1,0.4,0.25,0.3,"Decaying",1e-04,0.314697795591182,0.483051987186539,0.160727384987185,-0.839272615012815,"Low (0-0.25)"
0.45,0.1,0.4,0.222222222222222,0.35,"Decaying",1e-04,0.286644488977956,0.571016347111669,0.107929328749749,-0.892070671250251,"Low (0-0.25)"
0.5,0.1,0.4,0.2,0.4,"Decaying",1e-04,0.26259879759519,0.658529173138227,0.0706508276791975,-0.929349172320803,"Low (0-0.25)"
0.15,0.15,0.4,1,0,"Decaying",1e-04,0.384831062124249,0.27467945682101,0.39067187640625,-0.60932812359375,"High (0.75-1)"
0.2,0.15,0.4,0.75,0.05,"Decaying",1e-04,0.386834869739479,0.268518081988037,0.397014386189428,-0.602985613810572,"High (0.75-1)"
0.25,0.15,0.4,0.6,0.1,"Decaying",1e-04,0.378819639278557,0.287138652148994,0.367916230955018,-0.632083769044982,"Med-High (0.5-0.75)"
0.3,0.15,0.4,0.5,0.15,"Decaying",1e-04,0.364792985971944,0.328385440106004,0.312801221290459,-0.687198778709541,"Med-High (0.5-0.75)"
0.35,0.15,0.4,0.428571428571429,0.2,"Decaying",1e-04,0.342751102204409,0.387777728523315,0.246761659299904,-0.753238340700096,"Med-Low (0.25-0.5)"
0.4,0.15,0.4,0.375,0.25,"Decaying",1e-04,0.318705410821643,0.459770880098617,0.183116464911803,-0.816883535088197,"Med-Low (0.25-0.5)"
0.45,0.15,0.4,0.333333333333333,0.3,"Decaying",1e-04,0.294659719438878,0.539128650402901,0.129562277364976,-0.870437722635024,"Med-Low (0.25-0.5)"
0.5,0.15,0.4,0.3,0.35,"Decaying",1e-04,0.270614028056112,0.621681785204943,0.0884330817792155,-0.911566918220785,"Med-Low (0.25-0.5)"
0.2,0.2,0.4,1,0,"Decaying",1e-04,0.356777755511022,0.345312702264411,0.30869136,-0.69130864,"High (0.75-1)"
0.25,0.2,0.4,0.8,0.05,"Decaying",1e-04,0.358781563126253,0.339942037530661,0.312408661258389,-0.687591338741611,"High (0.75-1)"
0.3,0.2,0.4,0.666666666666667,0.1,"Decaying",1e-04,0.352770140280561,0.357230557142801,0.289976258420355,-0.710023741579645,"Med-High (0.5-0.75)"
0.35,0.2,0.4,0.571428571428571,0.15,"Decaying",1e-04,0.338743486973948,0.395234462803325,0.248202919334056,-0.751797080665944,"Med-High (0.5-0.75)"
0.4,0.2,0.4,0.5,0.2,"Decaying",1e-04,0.320709218436874,0.450109672339788,0.197870799799091,-0.802129200200909,"Med-Low (0.25-0.5)"
0.45,0.2,0.4,0.444444444444444,0.25,"Decaying",1e-04,0.298667334669339,0.517061665472711,0.148714352496238,-0.851285647503762,"Med-Low (0.25-0.5)"
0.5,0.2,0.4,0.4,0.3,"Decaying",1e-04,0.276625450901804,0.591430842680509,0.106655929272052,-0.893344070727948,"Med-Low (0.25-0.5)"
0.25,0.25,0.4,1,0,"Decaying",1e-04,0.332732064128257,0.409515851165824,0.2500500025,-0.7499499975,"High (0.75-1)"
0.3,0.25,0.4,0.833333333333333,0.05,"Decaying",1e-04,0.334735871743487,0.40475297274806,0.252227084152486,-0.747772915847514,"High (0.75-1)"
0.35,0.25,0.4,0.714285714285714,0.1,"Decaying",1e-04,0.328724448897796,0.420964925661792,0.234415738015168,-0.765584261984832,"Med-High (0.5-0.75)"
0.4,0.25,0.4,0.625,0.15,"Decaying",1e-04,0.316701603206413,0.456373372050337,0.20173113845536,-0.798268861544639,"Med-High (0.5-0.75)"
0.45,0.25,0.4,0.555555555555556,0.2,"Decaying",1e-04,0.300671142284569,0.507587457617544,0.162192789118809,-0.837807210881191,"Med-High (0.5-0.75)"
0.5,0.25,0.4,0.5,0.25,"Decaying",1e-04,0.280633066132265,0.57037082954695,0.123169978442433,-0.876830021557567,"Med-Low (0.25-0.5)"
0.3,0.3,0.4,1,-5.55111512312578e-17,"Decaying",1e-04,0.286644488977956,0.577189561741937,0.16,-0.84,"High (0.75-1)"
0.35,0.3,0.4,0.857142857142857,0.05,"Decaying",1e-04,0.312693987975952,0.464298204822833,0.207899009487268,-0.792100990512732,"High (0.75-1)"
0.4,0.3,0.4,0.75,0.1,"Decaying",1e-04,0.308686372745491,0.479613574015226,0.193419834706753,-0.806580165293247,"High (0.75-1)"
0.45,0.3,0.4,0.666666666666667,0.15,"Decaying",1e-04,0.296663527054108,0.512882952528625,0.167187698915081,-0.832812301084919,"Med-High (0.5-0.75)"
0.5,0.3,0.4,0.6,0.2,"Decaying",1e-04,0.282636873747495,0.561057225809291,0.135362353000146,-0.864637646999854,"Med-High (0.5-0.75)"
0.35,0.35,0.4,1,0,"Decaying",1e-04,0.292655911823647,0.523441191565097,0.173659725625,-0.826340274375,"High (0.75-1)"
0.4,0.35,0.4,0.875,0.05,"Decaying",1e-04,0.294659719438878,0.519546198741239,0.17430818904,-0.82569181096,"High (0.75-1)"
0.45,0.35,0.4,0.777777777777778,0.1,"Decaying",1e-04,0.290652104208417,0.534098749461123,0.162309364443067,-0.837690635556933,"High (0.75-1)"
0.5,0.35,0.4,0.7,0.15,"Decaying",1e-04,0.280633066132265,0.565565990658848,0.140813832706146,-0.859186167293854,"Med-High (0.5-0.75)"
0.4,0.4,0.4,1,0,"Decaying",1e-04,0.276625450901804,0.574792026067039,0.147976335147929,-0.852023664852071,"High (0.75-1)"
0.45,0.4,0.4,0.888888888888889,0.05,"Decaying",1e-04,0.278629258517034,0.571216276476774,0.148247338537794,-0.851752661462206,"High (0.75-1)"
0.5,0.4,0.4,0.8,0.1,"Decaying",1e-04,0.274621643286573,0.585109074005009,0.138143777356474,-0.861856222643526,"High (0.75-1)"
0.45,0.45,0.4,1,0,"Decaying",1e-04,0.26259879759519,0.623166125211449,0.127596942908163,-0.872403057091837,"High (0.75-1)"
0.5,0.45,0.4,0.9,0.05,"Decaying",1e-04,0.26259879759519,0.619857381608167,0.127623075794415,-0.872376924205585,"High (0.75-1)"
0.05,0,0.6,0,0.05,"Uniform",1e-04,0.481013827655311,0.045613679573704,0.854282580048701,-0.145717419951299,"Low (0-0.25)"
0.1,0,0.6,0,0.1,"Decaying",1e-04,0.448952905811623,0.119897810461575,0.659016879285299,-0.340983120714701,"Low (0-0.25)"
0.15,0,0.6,0,0.15,"Decaying",1e-04,0.410880561122245,0.214061709108745,0.469694157073403,-0.530305842926597,"Low (0-0.25)"
0.2,0,0.6,0,0.2,"Decaying",1e-04,0.368800601202405,0.319487915008206,0.316296812650571,-0.683703187349429,"Low (0-0.25)"
0.25,0,0.6,0,0.25,"Decaying",1e-04,0.330728256513026,0.429389969520269,0.204977366300529,-0.795022633699471,"Low (0-0.25)"
0.3,0,0.6,0,0.3,"Decaying",1e-04,0.294659719438878,0.539128650402901,0.129562277364976,-0.870437722635024,"Low (0-0.25)"
0.35,0,0.6,0,0.35,"Decaying",1e-04,0.26259879759519,0.645874699993036,0.0806092413926844,-0.919390758607316,"Low (0-0.25)"
0.4,0,0.6,0,0.4,"Decaying",1e-04,0.234545490981964,0.748107788990041,0.0496606865452199,-0.95033931345478,"Low (0-0.25)"
0.45,0,0.6,0,0.45,"Decaying",1e-04,0.212503607214429,0.845171478726232,0.0304090164813764,-0.969590983518624,"Low (0-0.25)"
0.5,0,0.6,0,0.5,"Decaying",1e-04,0.192465531062124,0.936941240325886,0.0185513539332308,-0.981448646066769,"Low (0-0.25)"
0.05,0.05,0.6,1,0,"Decaying",1e-04,0.43492625250501,0.152355209377356,0.591751479822485,-0.408248520177515,"High (0.75-1)"
0.1,0.05,0.6,0.5,0.05,"Decaying",1e-04,0.418895791583166,0.188530154711911,0.521298817159186,-0.478701182840814,"Med-Low (0.25-0.5)"
0.15,0.05,0.6,0.333333333333333,0.1,"Decaying",1e-04,0.394850100200401,0.249171594388852,0.419235138344147,-0.580764861655853,"Med-Low (0.25-0.5)"
0.2,0.05,0.6,0.25,0.15,"Decaying",1e-04,0.364792985971944,0.328385440106004,0.312801221290459,-0.687198778709541,"Low (0-0.25)"
0.25,0.05,0.6,0.2,0.2,"Decaying",1e-04,0.330728256513026,0.419612810238765,0.220295929197423,-0.779704070802577,"Low (0-0.25)"
0.3,0.05,0.6,0.166666666666667,0.25,"Decaying",1e-04,0.298667334669339,0.517061665472711,0.148714352496238,-0.851285647503762,"Low (0-0.25)"
0.35,0.05,0.6,0.142857142857143,0.3,"Decaying",1e-04,0.268610220440882,0.616349127127478,0.0974168761753775,-0.902583123824623,"Low (0-0.25)"
0.4,0.05,0.6,0.125,0.35,"Decaying",1e-04,0.242560721442886,0.714517139518526,0.0624885063879371,-0.937511493612063,"Low (0-0.25)"
0.45,0.05,0.6,0.111111111111111,0.4,"Decaying",1e-04,0.21851503006012,0.809769258078486,0.0395047343872553,-0.960495265612745,"Low (0-0.25)"
0.5,0.05,0.6,0.1,0.45,"Decaying",1e-04,0.198476953907816,0.901151031475681,0.0247235760003671,-0.975276423999633,"Low (0-0.25)"
0.1,0.1,0.6,1,0,"Decaying",1e-04,0.384831062124249,0.27467945682101,0.39067187640625,-0.60932812359375,"High (0.75-1)"
0.15,0.1,0.6,0.666666666666667,0.05,"Decaying",1e-04,0.372808216432866,0.305160886811454,0.350918309665298,-0.649081690334702,"Med-High (0.5-0.75)"
0.2,0.1,0.6,0.5,0.1,"Decaying",1e-04,0.352770140280561,0.357230557142801,0.289976258420355,-0.710023741579645,"Med-Low (0.25-0.5)"
0.25,0.1,0.6,0.4,0.15,"Decaying",1e-04,0.326720641282565,0.426442401363965,0.223163632182792,-0.776836367817208,"Med-Low (0.25-0.5)"
0.3,0.1,0.6,0.333333333333333,0.2,"Decaying",1e-04,0.300671142284569,0.507587457617545,0.162192789118809,-0.837807210881191,"Med-Low (0.25-0.5)"
0.35,0.1,0.6,0.285714285714286,0.25,"Decaying",1e-04,0.272617835671343,0.595735170703912,0.112798554926307,-0.887201445073693,"Med-Low (0.25-0.5)"
0.4,0.1,0.6,0.25,0.3,"Decaying",1e-04,0.246568336673347,0.686881301232334,0.075904996342554,-0.924095003657446,"Low (0-0.25)"
0.45,0.1,0.6,0.222222222222222,0.35,"Decaying",1e-04,0.224526452905812,0.778129950753563,0.0498566818706979,-0.950143318129302,"Low (0-0.25)"
0.5,0.1,0.6,0.2,0.4,"Decaying",1e-04,0.204488376753507,0.867586057671827,0.032173597106742,-0.967826402893258,"Low (0-0.25)"
0.15,0.15,0.6,1,0,"Decaying",1e-04,0.344754909819639,0.378126975520811,0.27705817398892,-0.72294182601108,"High (0.75-1)"
0.2,0.15,0.6,0.75,0.05,"Decaying",1e-04,0.334735871743487,0.40475297274806,0.252227084152486,-0.747772915847514,"High (0.75-1)"
0.25,0.15,0.6,0.6,0.1,"Decaying",1e-04,0.318705410821643,0.450860759372368,0.212442209848091,-0.787557790151909,"Med-High (0.5-0.75)"
0.3,0.15,0.6,0.5,0.15,"Decaying",1e-04,0.296663527054108,0.512882952528625,0.167187698915081,-0.832812301084919,"Med-High (0.5-0.75)"
0.35,0.15,0.6,0.428571428571429,0.2,"Decaying",1e-04,0.274621643286573,0.586497759328101,0.124378052078451,-0.875621947921549,"Med-Low (0.25-0.5)"
0.4,0.15,0.6,0.375,0.25,"Decaying",1e-04,0.250575951903808,0.667434545967951,0.0884821224232341,-0.911517877576766,"Med-Low (0.25-0.5)"
0.45,0.15,0.6,0.333333333333333,0.3,"Decaying",1e-04,0.228534068136273,0.752055358465723,0.0608056684014702,-0.93919433159853,"Med-Low (0.25-0.5)"
0.5,0.15,0.6,0.3,0.35,"Decaying",1e-04,0.210499799599198,0.837597385194487,0.040701547121786,-0.959298452878214,"Med-Low (0.25-0.5)"
0.2,0.2,0.6,1,0,"Decaying",1e-04,0.312693987975952,0.468581016173858,0.20666116,-0.79333884,"High (0.75-1)"
0.25,0.2,0.6,0.8,0.05,"Decaying",1e-04,0.30467875751503,0.492409662103846,0.189994936375519,-0.810005063624481,"High (0.75-1)"
0.3,0.2,0.6,0.666666666666667,0.1,"Decaying",1e-04,0.290652104208417,0.534098749461123,0.162309364443067,-0.837690635556933,"Med-High (0.5-0.75)"
0.35,0.2,0.6,0.571428571428571,0.15,"Decaying",1e-04,0.272617835671343,0.590668755268419,0.129908379755653,-0.870091620244347,"Med-High (0.5-0.75)"
0.4,0.2,0.6,0.5,0.2,"Decaying",1e-04,0.252579759519038,0.658419062499745,0.098397998843297,-0.901602001156703,"Med-Low (0.25-0.5)"
0.45,0.2,0.6,0.444444444444444,0.25,"Decaying",1e-04,0.232541683366733,0.733583450468601,0.071258994751069,-0.928741005248931,"Med-Low (0.25-0.5)"
0.5,0.2,0.6,0.4,0.3,"Decaying",1e-04,0.214507414829659,0.812843691983835,0.0498020067290164,-0.950197993270984,"Med-Low (0.25-0.5)"
0.25,0.25,0.6,1,0,"Decaying",1e-04,0.284640681362725,0.549518820541503,0.1600480036,-0.8399519964,"High (0.75-1)"
0.3,0.25,0.6,0.833333333333333,0.05,"Decaying",1e-04,0.278629258517034,0.571216276476774,0.148247338537794,-0.851752661462206,"High (0.75-1)"
0.35,0.25,0.6,0.714285714285714,0.1,"Decaying",1e-04,0.266606412825651,0.609480891002714,0.128036751907656,-0.871963248092344,"Med-High (0.5-0.75)"
0.4,0.25,0.6,0.625,0.15,"Decaying",1e-04,0.250575951903808,0.661751533294829,0.10383922080974,-0.89616077919026,"Med-High (0.5-0.75)"
0.45,0.25,0.6,0.555555555555556,0.2,"Decaying",1e-04,0.234545490981964,0.724784630976559,0.07978380943718,-0.92021619056282,"Med-High (0.5-0.75)"
0.5,0.25,0.6,0.5,0.25,"Decaying",1e-04,0.21651122244489,0.795207146650061,0.0586162936493425,-0.941383706350657,"Med-Low (0.25-0.5)"
0.3,0.3,0.6,1,-5.55111512312578e-17,"Decaying",1e-04,0.246568336673347,0.695384067930873,0.111111111111111,-0.888888888888889,"High (0.75-1)"
0.35,0.3,0.6,0.857142857142857,0.05,"Decaying",1e-04,0.256587374749499,0.643179711097776,0.118889033366199,-0.881110966633801,"High (0.75-1)"
0.4,0.3,0.6,0.75,0.1,"Decaying",1e-04,0.246568336673347,0.678700443035897,0.103576733659252,-0.896423266340747,"High (0.75-1)"
0.45,0.3,0.6,0.666666666666667,0.15,"Decaying",1e-04,0.232541683366733,0.727478659230876,0.0848977036111477,-0.915102296388852,"Med-High (0.5-0.75)"
0.5,0.3,0.6,0.6,0.2,"Decaying",1e-04,0.21851503006012,0.786620118340123,0.0659928879630515,-0.934007112036949,"Med-High (0.5-0.75)"
0.35,0.35,0.6,1,0,"Decaying",1e-04,0.242560721442886,0.691034277549061,0.10410198169615,-0.89589801830385,"High (0.75-1)"
0.4,0.35,0.6,0.875,0.05,"Decaying",1e-04,0.238553106212425,0.709679427466031,0.09746181806737,-0.90253818193263,"High (0.75-1)"
0.45,0.35,0.6,0.777777777777778,0.1,"Decaying",1e-04,0.228534068136273,0.742944028912153,0.0855117448393498,-0.91448825516065,"High (0.75-1)"
0.5,0.35,0.6,0.7,0.15,"Decaying",1e-04,0.21851503006012,0.78881847692898,0.0707037516087361,-0.929296248391264,"Med-High (0.5-0.75)"
0.4,0.4,0.6,1,0,"Decaying",1e-04,0.226530260521042,0.754197358192243,0.0865467177854671,-0.913453282214533,"High (0.75-1)"
0.45,0.4,0.6,0.888888888888889,0.05,"Decaying",1e-04,0.222522645290581,0.771705230745091,0.0813463044371329,-0.918653695562867,"High (0.75-1)"
0.5,0.4,0.6,0.8,0.1,"Decaying",1e-04,0.214507414829659,0.803076088097591,0.0717922052503442,-0.928207794749656,"High (0.75-1)"
0.45,0.45,0.6,1,0,"Decaying",1e-04,0.212503607214429,0.813446830845899,0.0730854691672754,-0.926914530832725,"High (0.75-1)"
0.5,0.45,0.6,0.9,0.05,"Decaying",1e-04,0.208495991983968,0.829992167753096,0.0689215450883124,-0.931078454911688,"High (0.75-1)"
0.05,0,0.8,0,0.05,"Decaying",1e-04,0.458971943887776,0.097018243628131,0.714591530662091,-0.285408469337909,"Low (0-0.25)"
0.1,0,0.8,0,0.1,"Decaying",1e-04,0.410880561122245,0.208881858405723,0.482092416069416,-0.517907583930584,"Low (0-0.25)"
0.15,0,0.8,0,0.15,"Decaying",1e-04,0.364792985971944,0.328385440106004,0.312801221290459,-0.687198778709541,"Low (0-0.25)"
0.2,0,0.8,0,0.2,"Decaying",1e-04,0.320709218436874,0.450109672339788,0.197870799799091,-0.802129200200909,"Low (0-0.25)"
0.25,0,0.8,0,0.25,"Decaying",1e-04,0.280633066132265,0.57037082954695,0.123169978442433,-0.876830021557567,"Low (0-0.25)"
0.3,0,0.8,0,0.3,"Decaying",1e-04,0.246568336673347,0.686881301232334,0.075904996342554,-0.924095003657446,"Low (0-0.25)"
0.35,0,0.8,0,0.35,"Decaying",1e-04,0.21851503006012,0.798376268677529,0.0464887532104602,-0.95351124678954,"Low (0-0.25)"
0.4,0,0.8,0,0.4,"Decaying",1e-04,0.196473146292585,0.904296020859457,0.0283647021581896,-0.97163529784181,"Low (0-0.25)"
0.45,0,0.8,0,0.45,"Decaying",1e-04,0.176435070140281,1.00454116248887,0.0172664552204098,-0.98273354477959,"Low (0-0.25)"
0.5,0,0.8,0,0.5,"Decaying",1e-04,0.160404609218437,1.09929399923045,0.0104958116007835,-0.989504188399216,"Low (0-0.25)"
0.05,0.05,0.8,1,0,"Decaying",1e-04,0.416891983967936,0.19575428703121,0.51024489877551,-0.48975510122449,"High (0.75-1)"
0.1,0.05,0.8,0.5,0.05,"Decaying",1e-04,0.386834869739479,0.268518081988037,0.397014386189428,-0.602985613810572,"Med-Low (0.25-0.5)"
0.15,0.05,0.8,0.333333333333333,0.1,"Decaying",1e-04,0.352770140280561,0.357230557142801,0.289976258420355,-0.710023741579645,"Med-Low (0.25-0.5)"
0.2,0.05,0.8,0.25,0.15,"Decaying",1e-04,0.316701603206413,0.456373372050337,0.20173113845536,-0.798268861544639,"Low (0-0.25)"
0.25,0.05,0.8,0.2,0.2,"Decaying",1e-04,0.282636873747495,0.561057225809291,0.135362353000146,-0.864637646999854,"Low (0-0.25)"
0.3,0.05,0.8,0.166666666666667,0.25,"Decaying",1e-04,0.250575951903808,0.667434545967951,0.0884821224232342,-0.911517877576766,"Low (0-0.25)"
0.35,0.05,0.8,0.142857142857143,0.3,"Decaying",1e-04,0.224526452905812,0.772765362450551,0.0567639366534874,-0.943236063346513,"Low (0-0.25)"
0.4,0.05,0.8,0.125,0.35,"Decaying",1e-04,0.200480761523046,0.875276386345893,0.035931544841292,-0.964068455158708,"Low (0-0.25)"
0.45,0.05,0.8,0.111111111111111,0.4,"Decaying",1e-04,0.180442685370741,0.973946728877074,0.0225273543263373,-0.977472645673663,"Low (0-0.25)"
0.5,0.05,0.8,0.1,0.45,"Decaying",1e-04,0.164412224448898,1.06829564047765,0.0140257657332277,-0.985974234266772,"Low (0-0.25)"
0.1,0.1,0.8,1,0,"Decaying",1e-04,0.356777755511022,0.345312702264411,0.30869136,-0.69130864,"High (0.75-1)"
0.15,0.1,0.8,0.666666666666667,0.05,"Decaying",1e-04,0.334735871743487,0.40475297274806,0.252227084152486,-0.747772915847514,"Med-High (0.5-0.75)"
0.2,0.1,0.8,0.5,0.1,"Decaying",1e-04,0.308686372745491,0.479613574015226,0.193419834706753,-0.806580165293247,"Med-Low (0.25-0.5)"
0.25,0.1,0.8,0.4,0.15,"Decaying",1e-04,0.280633066132265,0.565565990658848,0.140813832706146,-0.859186167293854,"Med-Low (0.25-0.5)"
0.3,0.1,0.8,0.333333333333333,0.2,"Decaying",1e-04,0.252579759519038,0.658419062499745,0.098397998843297,-0.901602001156703,"Med-Low (0.25-0.5)"
0.35,0.1,0.8,0.285714285714286,0.25,"Decaying",1e-04,0.228534068136273,0.754585479018028,0.0666246978864449,-0.933375302113555,"Med-Low (0.25-0.5)"
0.4,0.1,0.8,0.25,0.3,"Decaying",1e-04,0.204488376753507,0.851299054252403,0.0440467388450729,-0.955953261154927,"Low (0-0.25)"
0.45,0.1,0.8,0.222222222222222,0.35,"Decaying",1e-04,0.184450300601202,0.946617402919246,0.0286015770486822,-0.971398422951318,"Low (0-0.25)"
0.5,0.1,0.8,0.2,0.4,"Decaying",1e-04,0.168419839679359,1.03930292593977,0.0183229666097362,-0.981677033390264,"Low (0-0.25)"
0.15,0.15,0.8,1,0,"Decaying",1e-04,0.312693987975952,0.468581016173858,0.20666116,-0.79333884,"High (0.75-1)"
0.2,0.15,0.8,0.75,0.05,"Decaying",1e-04,0.294659719438878,0.519546198741239,0.174308189040001,-0.825691810959999,"High (0.75-1)"
0.25,0.15,0.8,0.6,0.1,"Decaying",1e-04,0.274621643286573,0.585109074005009,0.138143777356474,-0.861856222643526,"Med-High (0.5-0.75)"
0.3,0.15,0.8,0.5,0.15,"Decaying",1e-04,0.250575951903808,0.661751533294829,0.10383922080974,-0.89616077919026,"Med-High (0.5-0.75)"
0.35,0.15,0.8,0.428571428571429,0.2,"Decaying",1e-04,0.228534068136273,0.745857853778787,0.0747418428736809,-0.925258157126319,"Med-Low (0.25-0.5)"
0.4,0.15,0.8,0.375,0.25,"Decaying",1e-04,0.208495991983968,0.834158797397309,0.0519698436872179,-0.948030156312782,"Med-Low (0.25-0.5)"
0.45,0.15,0.8,0.333333333333333,0.3,"Decaying",1e-04,0.188457915831663,0.923996968939106,0.0351701274659897,-0.96482987253401,"Med-Low (0.25-0.5)"
0.5,0.15,0.8,0.3,0.35,"Decaying",1e-04,0.17242745490982,1.0134043915865,0.0233058896592365,-0.976694110340763,"Med-Low (0.25-0.5)"
0.2,0.2,0.8,1,0,"Decaying",1e-04,0.276625450901804,0.574792026067039,0.147976335147929,-0.852023664852071,"High (0.75-1)"
0.25,0.2,0.8,0.8,0.05,"Decaying",1e-04,0.26259879759519,0.619857381608167,0.127623075794415,-0.872376924205585,"High (0.75-1)"
0.3,0.2,0.8,0.666666666666667,0.1,"Decaying",1e-04,0.246568336673347,0.678700443035897,0.103576733659252,-0.896423266340748,"Med-High (0.5-0.75)"
0.35,0.2,0.8,0.571428571428571,0.15,"Decaying",1e-04,0.228534068136273,0.748373009278063,0.0797251503894516,-0.920274849610548,"Med-High (0.5-0.75)"
0.4,0.2,0.8,0.5,0.2,"Decaying",1e-04,0.208495991983968,0.825709639315777,0.0586950668020181,-0.941304933197982,"Med-Low (0.25-0.5)"
0.45,0.2,0.8,0.444444444444444,0.25,"Decaying",1e-04,0.190461723446894,0.90773448748064,0.041668350956706,-0.958331649043294,"Med-Low (0.25-0.5)"
0.5,0.2,0.8,0.4,0.3,"Decaying",1e-04,0.17443126252505,0.991936021830331,0.0287299705497244,-0.971270029450276,"Med-Low (0.25-0.5)"
0.25,0.25,0.8,1,0,"Decaying",1e-04,0.248572144288577,0.668980435256378,0.11115556,-0.88884444,"High (0.75-1)"
0.3,0.25,0.8,0.833333333333333,0.05,"Decaying",1e-04,0.238553106212425,0.709679427466031,0.09746181806737,-0.90253818193263,"High (0.75-1)"
0.35,0.25,0.8,0.714285714285714,0.1,"Decaying",1e-04,0.224526452905812,0.763409142961153,0.0805312085564436,-0.919468791443556,"Med-High (0.5-0.75)"
0.4,0.25,0.8,0.625,0.15,"Decaying",1e-04,0.208495991983968,0.827637261372983,0.0631315321363534,-0.936868467863647,"Med-High (0.5-0.75)"
0.45,0.25,0.8,0.555555555555556,0.2,"Decaying",1e-04,0.192465531062124,0.899551555670839,0.0473122750610915,-0.952687724938909,"Med-High (0.5-0.75)"
0.5,0.25,0.8,0.5,0.25,"Decaying",1e-04,0.176435070140281,0.976429812207866,0.0341522728219302,-0.96584772717807,"Med-Low (0.25-0.5)"
0.3,0.3,0.8,1,-5.55111512312578e-17,"Decaying",1e-04,0.17242745490982,0.970009980780789,0.0625,-0.9375,"High (0.75-1)"
0.35,0.3,0.8,0.857142857142857,0.05,"Decaying",1e-04,0.21651122244489,0.791518929373825,0.0768553784821966,-0.923144621517803,"High (0.75-1)"
0.4,0.3,0.8,0.75,0.1,"Decaying",1e-04,0.204488376753507,0.841207516315333,0.0644024629423047,-0.935597537057695,"High (0.75-1)"
0.45,0.3,0.8,0.666666666666667,0.15,"Decaying",1e-04,0.192465531062124,0.901044591173643,0.0512275775985844,-0.948772422401416,"Med-High (0.5-0.75)"
0.5,0.3,0.8,0.6,0.2,"Decaying",1e-04,0.178438877755511,0.968499080620412,0.0389466467784542,-0.961053353221546,"Med-High (0.5-0.75)"
0.35,0.35,0.8,1,0,"Decaying",1e-04,0.206492184368738,0.832435049255659,0.0692908641551247,-0.930709135844875,"High (0.75-1)"
0.4,0.35,0.8,0.875,0.05,"Decaying",1e-04,0.198476953907816,0.867055685768835,0.0621559527295581,-0.937844047270442,"High (0.75-1)"
0.45,0.35,0.8,0.777777777777778,0.1,"Decaying",1e-04,0.190461723446894,0.913456641126747,0.0526758667327543,-0.947324133267246,"High (0.75-1)"
0.5,0.35,0.8,0.7,0.15,"Decaying",1e-04,0.178438877755511,0.969663027970489,0.0423991599603732,-0.957600840039627,"Med-High (0.5-0.75)"
0.4,0.4,0.8,1,0,"Decaying",1e-04,0.190461723446894,0.905068755449287,0.0567256293877551,-0.943274370612245,"High (0.75-1)"
0.45,0.4,0.8,0.888888888888889,0.05,"Decaying",1e-04,0.184450300601202,0.937472654290716,0.0513039209540595,-0.94869607904594,"High (0.75-1)"
0.5,0.4,0.8,0.8,0.1,"Decaying",1e-04,0.176435070140281,0.981137186138044,0.0438837656611728,-0.956116234338827,"High (0.75-1)"
0.45,0.45,0.8,1,0,"Decaying",1e-04,0.176435070140281,0.973089572861437,0.0472930117958412,-0.952706988204159,"High (0.75-1)"
0.5,0.45,0.8,0.9,0.05,"Decaying",1e-04,0.17242745490982,1.00363596690982,0.0430649407712126,-0.956935059228788,"High (0.75-1)"
